ref_id,ref_type,source_no,url,publisher,supports,quote
P-001,path,1,https://mckay-brothers.com/media,,Aurora-Mahwah leg of McKay's Chicago-NJ network (operator latency page),
P-002,path,1,https://www.prnewswire.com/news-releases/quincy-data-lowers-latency-with-mckay-brothers-upgrades-300942526.html,,Aurora-Carteret: QED delivers CME data in 3.982ms (operator-published),
P-003,path,1,https://www.prnewswire.com/news-releases/quincy-data-announces-launch-of-ultra-low-latency-wireless-service-between-aurora-and-secaucus-161388565.html,,Aurora-Secaucus microwave route (launch release),
P-004,path,1,https://www.datacenterknowledge.com/business/furious-land-war-erupts-outside-cme-data-center,,DRW-affiliated Aurora-NJ microwave route per Bloomberg,
P-005,path,1,https://mckay-brothers.com/media,,"350 E Cermak to NY5: 3.885ms one-way (operator media page, 2015)",
P-006,path,1,https://a-teaminsight.com/blog/mckay-brothers-builds-out-low-latency-microwave-connectivity/,,"Cermak POP clients reach Carteret in 7.82ms round trip (A-Team Insight, 2014)",
P-007,path,1,https://a-teaminsight.com/blog/cmes-aurora-co-lo-quick-facts/?brand=tti,,CME fiber between Aurora and the old 350 E Cermak matching/colo centre,
P-008,path,1,https://mckay-brothers.com/media,,Mahwah-Toronto(TMX) route on McKay's network (operator latency page),
P-009,path,1,https://mckay-brothers.com/media,,Aurora-Toronto(TMX) route on McKay's network (operator latency page),
P-010,path,1,https://seabornnetworks.com/products/seaspeed/,,Low-latency B3-Nasdaq Carteret route on Seabras-1 (operator product page),
P-011,path,1,https://seabornnetworks.com/seaborn-networks-and-anova-financial-networks-partner-to-deliver-ultra-low-latency-route-between-b3-and-cme/,,B3-CME route (Seaborn/Anova partnership announcement),
P-012,path,1,https://www.bmv.com.mx/work/models/Grupo_BMV/Resource/2000/28/images/2024%20Vendors%20Price%20List%20V1.pdf,,BMV market-data/connectivity POP at Equinix NY (BMV vendors price list),
P-013,path,1,https://www.bso.co/all-insights/low-latency-hkex-sgx-traders,,SGX-HKEX low-latency route marketed by BSO (operator page),
P-014,path,1,https://cdn.cboe.com/resources/membership/CXA_Connectivity_Manual.pdf,,ALC-SY5 connectivity per Cboe CXA connectivity manual,
P-015,path,1,https://thesource.lseg.com/TheSource/getfile/download/840e069d-969a-4b99-b663-1a67046ab6ed,,LD4 primary / NY4 venue pair per LSEG FX colo connectivity guide,
P-016,path,1,https://cmegroupclientsite.atlassian.net/wiki/display/EPICSANDBOX/EBS+Market+on+CME+Globex+Market+Functionality,,"EBS NY engines primary in NY5, DR in Slough LD4.2 (CME client wiki)",
P-017,path,1,https://cmegroupclientsite.atlassian.net/wiki/display/EPICSANDBOX/CME+Globex+Hub+-+Tokyo,,TY3 Globex hub to NY (CME client wiki),
P-018,path,1,https://thesource.lseg.com/TheSource/getfile/download/840e069d-969a-4b99-b663-1a67046ab6ed,,SG3 NDF Matching primary; LD4 in the venue mesh (LSEG connectivity guide),
P-019,path,1,https://www.moex.com/n23779,,London-Moscow low-latency route for MOEX access (MOEX announcement); historical post-2022,
P-020,path,1,https://www.fibre-systems.com/news/free-space-optics-speed-stock-exchange,,Mahwah-Carteret free-space-optics link (trade press on Anova activation),
P-021,path,1,https://a-teaminsight.com/blog/anova-goes-live-with-low-latency-laser-link-between-nasdaq-and-nyse/,,Carteret-Secaucus laser link (A-Team Insight),
P-022,path,1,https://www.prnewswire.com/news-releases/anova-financial-networks-activates-wireless-connectivity-between-mahwah-and-secaucus-301209914.html,,Mahwah-Secaucus wireless link (Anova press release),
P-023,path,1,https://sniperinmahwah.wordpress.com/2014/09/25/hft-in-my-backyard-ii/,,Swingate-Houtem Channel crossing (Sniper in Mahwah II),
P-024,path,1,https://sniperinmahwah.wordpress.com/2014/09/25/hft-in-my-backyard-ii/,,Dunkerque(Reuze)-Swingate crossing used by most Channel competitors (Laumonier),
P-025,path,1,https://www.prnewswire.com/news-releases/mckay-brothers-launches-route-between-slough-frankfurt-289533021.html,,Slough-Frankfurt microwave route launch (operator release),
P-026,path,1,https://sniperinmahwah.wordpress.com/2014/09/22/hft-in-my-backyard-part-i/,,Houtem-Ramsgate crossing (Sniper in Mahwah I),
P-027,path,1,https://sniperinmahwah.wordpress.com/2014/09/25/hft-in-my-backyard-ii/,,Wavre-Hannut hop on Jump's Belgian chain (dish azimuths documented),
P-028,path,1,https://www.visionscarto.net/hft-in-the-jungle,,Dunkerque-Ramsgate crossing (Visionscarto/Laumonier),
P-029,path,1,https://sniperinmahwah.wordpress.com/2016/01/26/hft-in-the-banana-land/,,Proposed Oostduinkerke-Richborough direct crossing; UK mast refused 2017,
P-030,path,1,https://sniperinmahwah.wordpress.com/2018/05/07/shortwave-trading-part-i-the-west-chicago-tower-mystery/,,West Chicago site's dish aimed at CME Aurora (Van Valzah/Bloomberg),
P-031,path,1,https://sniperinmahwah.wordpress.com/2018/06/07/shortwave-trading-part-ii-faq-and-other-chicago-area-sites/,,Wanatah site backhaul toward Aurora (inferred from Van Valzah fieldwork),
P-032,path,1,https://sniperinmahwah.wordpress.com/2018/07/13/shortwave-trading-part-iii-fourth-chicago-site-east-coast-sites-europe-and-questions/,,Maple Park silo dish pointed at CME Aurora (Van Valzah part III),
P-033,path,1,https://raft-tech.com/hf_shortwave-adoption/,,"Chicago-Frankfurt HF service route (operator page; endpoints are served venues, not antenna sites)",
P-034,path,1,https://raft-tech.com/hf_shortwave-adoption/,,"Chicago-London HF service route (operator page; endpoints are served venues, not antenna sites)",
P-035,path,1,https://raft-tech.com/hf_shortwave-adoption/,,"Chicago-Tokyo HF service route (operator page; endpoints are served venues, not antenna sites)",
P-036,path,1,https://www.submarinecablemap.com/api/v3/cable/exa-express.json,,"Hibernia Express (EXA Express): 4,600km latency-optimized transatlantic cable",
P-037,path,1,https://www.lightwaveonline.com/network-design/high-speed-networks/article/16651312/hibernia-express-transatlantic-cable-ready-for-service,,NY-side backhaul: cable marketed as NY4 Secaucus-LD4 Slough sub-59ms RTD,
P-038,path,1,https://www.lightwaveonline.com/network-design/high-speed-networks/article/16651312/hibernia-express-transatlantic-cable-ready-for-service,,UK-side backhaul from Brean to Slough LD4 (sub-59ms NY4-LD4 marketed RTD),
P-039,path,1,https://www.jpx.co.jp/systems/network/index.html,,Exchange-operated WDM fiber ring linking the Tokyo primary centre with the Kansai backup/proximity site,
T1-001,site,1,https://www.nyse.com/publicdocs/IGN_Colocation_Mahwah_Technical_Specs.pdf,,"ICE/NYSE IGN Colocation US technical specs PDF (nyse.com): US Liquidity Center at 1700 MacArthur Blvd, Mahwah NJ 07430, production + colocation halls on-site; geocoded to the OSM-mapped 'NYSE Data Center' building",
T1-002,site,1,https://www.nasdaqtrader.com/content/Productsservices/trading/CoLo/ExpressConnect_factsheet.pdf,,"Nasdaq Trader ExpressConnect factsheet: 'Nasdaq Data Center located in Carteret, NJ' with co-location; 1400 Federal Blvd 07008 corroborated by ICE IGN colo specs access-center table; building-level geocode",
T1-003,site,1,https://cmegroupclientsite.atlassian.net/wiki/display/EPICSANDBOX/EBS+Market+on+CME+Globex+Market+Functionality,,"Equinix publishes NY campus + financial ecosystem marketing; pinned at the NY4 building, 755 Secaucus Rd per PeeringDB fac/36 (OSM-mapped 'Equinix New York Secaucus NY4')",
T1-003,site,2,https://www.lseg.com/en/media-centre/press-releases/refinitiv/2019/may/refinitiv-enables-greater-costs-efficiencies-and-improved-latency-for-its-fx-matching-clients,"LSEG (Refinitiv press release, May 2019)",NY4 Secaucus campus role as secondary data centre for Refinitiv FX Matching,Matching services are now run through Equinix Slough LD4 as their primary data centre and Equinix New Jersey NY4 campus as secondary
T1-003,site,3,https://thesource.lseg.com/TheSource/getfile/download/840e069d-969a-4b99-b663-1a67046ab6ed,LSEG FX Venues Colo Connectivity Technical Deployment Guide v2.6 (26 June 2026),Current LSEG FX venue colo footprint on the Secaucus campus; same guide notes Spot/Forwards Matching DR 'in North America (Equinix NY6)' and lists NY4/NY5/NY6 street addresses,LSEG FX recommends customers collocate in NY4 and NY5 in the Equinix New Jersey campus
T1-004,site,1,https://www.prnewswire.com/news-releases/cme-group-announces-agreement-to-sell-aurora-ill-data-center-to-cyrusone-300236608.html,,"CME Group release (Mar 2016, official wire copy; cmegroup.com pages bot-walled): 15-year leaseback, Globex + co-location continue on-site; campus address 2705-2905 Diehl Rd per CyrusOne's Aurora page; house-number geocode of 2905 Diehl Rd — seed coords were ~2km off, corrected",
T1-005,site,1,https://www.lseg.com/en/media-centre/press-releases/refinitiv/2019/may/refinitiv-enables-greater-cost-efficiencies-and-reduced-latency-for-customers-with-matching-and-fxall-migration,,"Equinix LD4 financial ecosystem is publicly marketed; 2 Buckingham Ave, Slough Trading Estate SL1 4NB per PeeringDB fac/399, geocoded to the OSM-mapped 'Equinix LD4' building",
T1-005,site,2,https://www.lseg.com/en/media-centre/press-releases/refinitiv/2019/may/refinitiv-enables-greater-costs-efficiencies-and-improved-latency-for-its-fx-matching-clients,"LSEG (Refinitiv press release, May 2019)",LD4 as primary data centre for Refinitiv/LSEG FX Matching,Matching services are now run through Equinix Slough LD4 as their primary data centre and Equinix New Jersey NY4 campus as secondary
T1-005,site,3,https://thesource.lseg.com/TheSource/getfile/download/840e069d-969a-4b99-b663-1a67046ab6ed,LSEG FX Venues Colo Connectivity Technical Deployment Guide v2.6 (26 June 2026),LD4 listed as an LSEG FX venue datacentre; Spot and Forwards Matching APIs' primary location given as 'London LD4' in section 2.1.3; LD4 address stated in section 2.3.1,London Equinix LD4
T1-005,site,4,https://cmegroupclientsite.atlassian.net/wiki/display/EPICSANDBOX/EBS+Market+on+CME+Globex+Market+Functionality,CME Group Client Systems Wiki,LD4.2 is the primary region for EBS London FX Spot and London NDF matching engines,Equinix Slough LD4.2
T1-005,site,5,https://www.tradersmagazine.com/am/the-real-cost-of-the-new-ebs/,Traders Magazine,Press corroboration of the post-Globex EBS product split matched in LD4.2,"while Scandis, EM and ON/OFF SEF NDFs will be matched in London (LD4.2)"
T1-006,site,1,https://www.cashmarket.deutsche-boerse.com/cash-en/Data-Tech/Technology/co-location-services,,"Deutsche Boerse co-location services page: primary Eurex and Xetra back-ends located in Equinix FR2; Kruppstrasse 121-127, 60388 Frankfurt (Seckbach) per PeeringDB fac/457, building-level geocode — seed coords were ~8km off, corrected",
T1-007,site,1,https://www.euronext.com/en/about/media/euronext-press-releases/successful-completion-migration-euronexts-core-data-centre,,"Euronext release: Core Data Centre migration Basildon -> Aruba Global Cloud Data Centre Bergamo concluded 6 Jun 2022; address Via San Clemente 53, Ponte San Pietro per Aruba's IT3 page; pin = OSM campus-polygon centroid (IT3 building not separately mapped, hence approximate); Amsterdam prop-shop pushback per press",
T1-008,site,1,https://www.euronext.com/en/about/media/euronext-press-releases/successful-completion-migration-euronexts-core-data-centre,,"Euronext release confirms Basildon as origin of the Jun 2022 migration; ICE ownership per Bloomberg/DCK ('rented space in Basildon from Intercontinental Exchange'); no official street address published — 20 Cranes Farm Rd SS14 3DF per industry databases (Baxtel), pin at postcode centroid",
T1-009,site,1,https://www.hkex.com.hk/Services/Connectivity/Hosting-Services?sc_lang=en,,"HKEX Hosting Services page: low-latency co-location with HKEX markets at the TKO data centre; address 1 Chun Ying St, TKO Industrial Estate per HKEX hosting-ecosystem PDF (2013), which also documents cash (2012) + derivatives (2013) trading-system relocation to TKO; geocoded to the OSM-mapped HKEx TKO Data Centre building",
T1-010,site,1,https://www.jpx.co.jp/faq/system_relation.html,,JPX FAQ/system pages (colo connects directly to arrowhead + J-GATE); Colt case study names @Tokyo CC2 (archived); PeeringDB fac/738 coords,
T1-010,site,2,https://www.jpx.co.jp/corporate/news/news-releases/0060/20210921-01.html,"Japan Exchange Group (news release, 2021-09-21)",OSE President & CEO Moriyuki Iwanaga states JPX group's backup center had until 2021 been in Kanto — J-GATE primary and backup were both Tokyo-region; nothing matched in Osaka.,これまで関東に設置されていたJPXグループのバックアップセンターを関西に移転した第一弾のシステム
T1-010,site,3,http://web.archive.org/web/20250820184407/https://www.colt.net/wp-content/uploads/2019/04/Colt-Case-Study_Trading-firm_2019.pdf,"Colt Technology Services (2019 case study, archived)","Publicly names @Tokyo CC2 as the facility housing the JPX matching engine; original colt.net URL 404s (checked), Wayback copy fetched and read in full.",Premium colocation at the @Tokyo CC2 data centre on the same floor as the Japan Exchange Group (JPX) matching engine
T1-010,site,4,https://www.peeringdb.com/fac/738,PeeringDB (facility record),Independent public network-forensics record placing AT TOKYO CC1/CC2 in Koto-ku with coordinates; basis for the approximate pin.,"AT TOKYO (CC1/CC2) ... Tokyo, Koto-ku ... 35.645435, 139.793285"
T1-010,site,5,https://www.jpx.co.jp/systems/derivatives-trading/01.html,Japan Exchange Group (J-GATE system overview),"J-GATE performance figures for capacity note (Genium INET, 100,000 orders/sec verified on same page).",注文処理レイテンシ（50％タイル） 40マイクロ秒
T1-010,site,6,https://www.jpx.co.jp/systems/connectivity/01.html,Japan Exchange Group (connectivity services),Colocation rack power spec (up to 8kVA per rack) cited in capacity note.,ラック当たり8KVAまで
T1-010,site,7,https://www.weeklybcn.com/journal/news/detail/20110921_21888.html,"週刊BCN (trade press, 2011-09-21)","As early as 2011, low-latency proximity access to OSE J-GATE was sold from a Tokyo data center — the derivatives engine was Tokyo-region from launch.",KVHの高速光ファイバー網と国内主要取引所に近接するKVH東京データセンターを基盤にしたサービス
T1-011,site,1,https://cloudscene.global.ssl.fastly.net/FacilityPDF/90/90.pdf,,"Equinix CH4 IBX spec (address, floors, CME/ICE gateways); CME client wiki still lists 350 E Cermak among colo access facilities (Dec 2025)",
T1-011,site,2,https://cmegroupclientsite.atlassian.net/wiki/spaces/EPICSANDBOX/pages/457217405/Cert+Data+Center,CME Group (client systems wiki),CME currently (page updated Dec 2025) lists 350 East Cermak among its co-location access facilities,"CME Co-location facilities at DC3 in Aurora, 350 East Cermak, Equinix NY4/NY5 in Secaucus and Equinix LD4/LD5 in Slough"
T1-011,site,3,https://a-teaminsight.com/blog/cmes-aurora-co-lo-quick-facts/?brand=tti,A-Team Insight,350 E Cermak was CME's matching/co-location home before Aurora (Globex DC opened Aug 2010),fibre optic connection back to the old matching and co-lo centre at 350 East Cermak Street in Chicago proper
T1-011,site,4,https://databento.com/blog/cme-colocation,Databento,ongoing proximity-hosting role for trading firms,most financial firms usually host their servers in the Equinix CH1/4/5 facilities at 350 E Cermak
T1-011,site,5,https://baxtel.com/data-center/equinix-chicago-ch1-ch2-ch4,Baxtel (data center industry database),Digital Realty ORD10 building attribution; per-floor power figures cited as industry-database estimate only,This site is leased from Digital Realty Trust in the Digital Realty: ORD10 building.
T1-012,site,1,https://www.tmxinfoservices.com/platforms-and-colocation/co-location-services,,TMX Datalinx co-location services page; DC completion announced June 2010 (Canada Newswire),
T1-012,site,2,https://tnsi.com/resource/waypoint/tns-launches-full-suite-financial-infrastructure-services-across-canada-press-release/,TNS (Transaction Network Services),Location claim: TMX runs out of the Markham data centre; TNS service-provider linkage (release dated 2 May 2023),"colocation and ultra-low latency Layer 1 connectivity, with TMX out of the Markham data center"
T1-012,site,3,https://www.newswire.ca/news-releases/tmx-group-announces-completion-of-new-co-location-facility-544277262.html,TMX Group via Canada Newswire,"Facility completion (17 June 2010) and 200-space design capacity; direct access to TSX, TSX Venture and Montréal Exchange engines (city not named)",was designed to accommodate up to 200 co-location spaces
T1-012,site,4,https://inflect.com/building/3500-steeles-avenue-east-markham/tmx-group/datacenter/colo-1,Inflect (data centre industry database),"Documented street address of the TMX Group colocation facility; 150 W/sq ft power density (industry-database tier, weakest source in set)",3500 Steeles Avenue East Markham ON L3R 0X1 CAN
T1-012,site,5,https://mckay-brothers.com/media,McKay Brothers,"Independent operator corroboration that TMX Group's exchanges and colo hall sit in Markham, Ontario (item dated 8 Jan 2024)",connects equities markets at the NYSE in Mahwah and TMX Group's exchanges in Markham in less than 1.754 milliseconds one-way
T1-012,site,6,https://www.ice.com/market-data/connectivity-and-feeds/wireless/toronto,ICE (Intercontinental Exchange) - ICE Global Network,"Exchange documentation placing TMX Group's main data centre (housing TSX, TSX Venture, TSX Alpha and Montréal Exchange) in Markham; corridor served by microwave (MCC-MAH 1.88-1.90 ms)","US market data (NYSE, NYSE Arca, Nasdaq, Cboe) delivered to Markham"
T1-013,site,1,https://www.b3.com.br/en_us/solutions/hosting-co-location/data-center/data-center/faq.htm,,B3 official co-location FAQ states 10 MW site power; PUMA matching + colo at Santana de Parnaiba,
T1-013,site,2,https://www.b3.com.br/en_us/solutions/hosting-co-location/data-center/data-center/,B3 (official data center page),"location, Tier III/LEED certification, role as primary trading site","B3's Data Center, located at Santana de Parnaiba, is the biggest liquidity hub in Latin America"
T1-013,site,3,https://www.b3.com.br/pt_br/noticias/novo-data-center-b3.htm,"B3 (news, 15 Mar 2017)",matching moved to this facility in November 2017 (current primary matching site),"PUMA Trading System BM&FBOVESPA passará a funcionar, a partir de novembro deste ano, por meio da estrutura tecnológica do novo Data Center"
T1-013,site,4,https://www.em.com.br/trends/2026/02/7358421-por-dentro-da-b3-a-tecnologia-que-move-bilhoes-na-bolsa-brasileira.html,Estado de Minas (Feb 2026),co-location service active in 2026; significant HFT share of B3 volume; mirrored data centers,as empresas podem instalar seus próprios supercomputadores no mesmo ambiente físico da bolsa
T1-013,site,5,https://www.assetservicingtimes.com/assetservicesnews/dataservicesarticle.php?article_id=15092,Asset Servicing Times (28 Nov 2023),TNS publicly operates managed hosting/exchange access at B3 for trading firms,"The challenge of acquiring and installing hardware in Brazil, a process that often spans several months, is bypassed with TNS."
T1-013,site,6,https://www.prnewswire.com/news-releases/puma-trading-system-bmfbovespa-celebrates-a-month-of-bovespa-segment-transactions-at-the-new-platform-207204781.html,BM&FBOVESPA via PR Newswire (13 May 2013),PUMA platform co-developed with CME Group (firms_linked clause),The new platform was created and developed with CME Group as part of a strategic agreement between the two exchanges
T1-014,site,1,https://www.bmv.com.mx/docs-pub/informeAnual/00y463k46h3xs3qh4yd3.pdf,,BMV 2012 annual report places co-location in KIO Networks facilities; specific facility never publicly named — city-level pin,
T1-014,site,2,https://www.bmv.com.mx/work/models/Grupo_BMV/Resource/2000/28/images/2024%20Vendors%20Price%20List%20(eng)%20(2).pdf,Grupo BMV — 2024 Vendors Price List,BMV co-location service active with published cross-connect fees (2024),Connection Monthly fee for customers connected through Co-Location
T1-014,site,3,https://beeksgroup.com/news/bmv-strengthens-market-infrastructure-with-beeks-technology/,Beeks Group,"2025 colocation refresh sited in Mexico City (two sites, provider undisclosed)",deployed across primary and disaster recovery sites in Mexico City
T1-014,site,4,https://mondovisione.com/media-and-resources/news/grupo-bolsa-mexicana-de-valores-partners-with-ipc-to-deploy-beeks-technology-to-2025218/,"Mondo Visione (BMV/IPC/Beeks release, 18 Feb 2025)",Grupo BMV CEO confirms local Mexico City deployment; go-live H2 2025,low-latency infrastructure deployed locally in Mexico City
T1-015,site,1,https://kiodatacenters.com/en/centro_de_datos/santafe2,,KIO operator pages: Santa Fe 2 (MEX 2) facility specs and BIVA customer page,
T1-015,site,2,https://kiodatacenters.com/en/marketplace,KIO Data Centers (marketplace),KIO's marketplace lists BIVA (Banking and Finance) at data center Santa Fe 2,Santa Fe 2 (MEX | 2)
T1-015,site,3,https://kiodatacenters.com/en/marca/biva,KIO Data Centers (BIVA customer page),"BIVA is a named KIO customer, tied to the Santa Fe 2 facility",The Bolsa Institucional de Valores (BIVA) began operations in 2018
T1-016,site,1,https://nsearchives.nseindia.com/web/sites/default/files/2025-01/PR_cc_08012025.pdf,,"NSE press release (Jan 2025): 1,200+ full-rack-equivalents at Exchange Plaza BKC; SEBI co-location case orders (2019) document the facility's unfair-access history",
T1-016,site,2,https://www.sebi.gov.in/sebi_data/attachdocs/apr-2019/1556633260405.pdf,"SEBI (Whole Time Member order WTM/GM/EFD/03/2018-19, 30 April 2019, 104 pp.)","colo servers sit inside NSE's own premises (per 31 Aug 2009 circular); first-connect POP/secondary-server findings, OPG Securities' advantage, and Rs 624.89 crore disgorgement direction",providing a co-location facility (a service offered by NSE to its TMs to locate their trading systems within its premises)
T1-016,site,3,https://www.sebi.gov.in/enforcement/orders/apr-2019/order-in-the-matter-of-nse-colocation_42880.html,SEBI (enforcement orders index),"official publication and 30 April 2019 date of the SEBI colocation order, with linked SAT appeal documents",Order in the matter of NSE Colocation
T1-016,site,4,https://www.datacenterdynamics.com/en/news/indias-national-stock-exchange-to-triple-colocation-rack-capacity-at-mumbai-data-center/,Data Centre Dynamics (27 Sept 2024),"corroborates facility in NSE's existing building at Exchange Plaza, Bandra Kurla; current ~1,400 racks and tripling plan; SEBI charges disposed of in Sept 2024","NSE plans to triple its capacity to 4,000 racks in the next three years"
T1-016,site,5,https://nsearchives.nseindia.com/corporate/ASALCBR_01072021141727_NSE_Reply_01072021.pdf,NSE archives (corporate correspondence hosted by NSE),verbatim documented street address of NSE Exchange Plaza,"National Stock Exchange of India Limited(NSE). Exchange Plaza, Bandra Kurla Complex, Bandra East, Mumbai - 400051"
T1-017,site,1,https://www.bseindia.com/downloads/fii/ColocationOfServers.pdf,,"BSE colocation documents (bseindia.com) place the colo in P.J. Towers, Dalal Street",
T1-017,site,2,https://www.bseindia.com/downloads1/BSE_update_August_2022.pdf,BSE Ltd (bseindia.com),"current operator (NTT-Netmagic); same deck (p.41-42) states sub-10-microsecond colo network latency, ~6us exchange response, PTP, 10G fibre, and Greeksoft/uTrade/Resolute SMA vendors",NTT – Netmagic has set up a State-of-the-art Data Centre to manage the co-location facilities for BSE
T1-017,site,3,https://www.bseindia.com/downloads/fii/Colocationbrochure.pdf,Netmagic Solutions brochure hosted by BSE (bseindia.com),HFT purpose of the facility and Thomson Reuters link; brochure titled 'Netmagic's Co-location Datacenter at Bombay Stock Exchange',"Thomson Reuters has selected this facility as the India hub for its ""Elektron"" data service platform."
T1-017,site,4,https://datacenterhawk.com/marketplace/providers/ntt-global-data-centers/phiroze-jeejeebhoy-towers-dalal-st-kala-ghoda-fort-mumbai-maharashtra-400001-india/bse-dc3,datacenterHawk,documented street address of NTT Global Data Centers BSE (DC3),"Phiroze Jeejeebhoy Towers, Dalal St, Kala Ghoda, Fort, Mumbai, Maharashtra 400001, India"
T1-017,site,5,https://cloudscene.com/data-center/india/mumbai/netmagic-solutions-dc3-mumbai-bse,Cloudscene,"NTT DATA Global Data Centers operates 'DC3 - Mumbai (BSE)'; directory total-power figure, not operator-stated, hence power_mw null",1.00MW
T1-017,site,6,https://www.niftytrader.in/content/nse-and-bse-in-rack-race-to-expand-co-location-capacity-amid-surging-demand/,"NiftyTrader (quoting BSE MD/CEO post-earnings call, May 6, 2025)",rack expansion target attributed to BSE MD/CEO Sundararaman R on earnings call; corroborates Angel One figures,500 racks with a mix of 15 kVA and 6 kVA
T1-017,site,7,https://www.angelone.in/news/nse-bse-to-expand-co-location-infrastructure-amid-high-demand,Angel One (news),"active status, current rack count, and expansion into reclaimed Rotunda Hall space","BSE, which currently has 300 co-location racks, plans to add 200 more in the next 3-4 months."
T1-017,site,8,https://www.varindia.com/news/netmagic-opens-colocation-datacenter,VARIndia (trade press),"facility opening announcement (November 2010) by Netmagic with Thomson Reuters and BSE; purpose: minimize latency, enable HFT",This is an initiative to deliver our best-in-class managed services to support mission-critical environments of the financial community.
T1-017,site,9,https://esteeadvisors.com/bse-nse-dma-broker.php,Estee Advisors (corporate site),a named quant/HFT firm publicly linked to BSE colocation (self-declared),"We are also a DMA Broker and offer co-location services on the BSE, MCX and MSEI"
T1-018,site,1,https://www.coltdatacentres.net/fr-FR/old/-/media/Files/asia-data-sheets/2022/colt-busan-datasheet-en.pdf?rev=-1&hash=F9342C19C24FC9772C9CFA9DA433C9AA,,Koscom official pages: Busan data centre runs derivatives matching (Seoul/Busan centres back each other up),
T1-018,site,2,https://www.koscom.co.kr/eng/main/contents.do?menuNo=300005,"Koscom (KRX IT subsidiary, official site)",Busan data centre hosts the derivatives market systems; Seoul hosts cash equities,"Established in Seoul (KOSPI, KOSDAQ, etc) and Busan (derivatives), data centers are backed up interchangeably between two cities"
T1-018,site,3,https://www.koscom.co.kr/portal/main/contents.do?menuNo=200608,Koscom (official Korean-language site),micro-location: the KRX derivatives computing centre is ~100 m diagonal from Koscom's Busan Proximity DC in Dong-gu,KRX 파생전산센터에서 대각선방향으로 100미터 거리에 위치
T1-019,site,1,https://www.koscom.co.kr/portal/main/contents.do?menuNo=200290,,"Koscom Busan Proximity DC pages (opened June 2012, within 100 m of KRX derivatives computing centre); Colt Busan datasheet",
T1-019,site,2,https://www.koscom.co.kr/eng/main/contents.do?menuNo=300124,"Koscom (official English site, Derivatives Proximity Service Center)",proximity claim and colocation/dealing-room/transmission service description,Located within 100 meters from KRX derivatives Center
T1-019,site,3,https://www.coltdatacentres.net/fr-FR/old/-/media/Files/asia-data-sheets/2022/colt-busan-datasheet-en.pdf?rev=-1&hash=F9342C19C24FC9772C9CFA9DA433C9AA,Colt Data Centre Services (location data sheet PDF),"Colt DCS proximity hosting partnership; 'adjacent to KRX's derivative matching engine'; ultra-low-latency access from Tokyo, Chicago, Singapore, Hong Kong, Seoul, Sydney","In March 2012, Colt Busan Data Centre entered into a business partnership agreement with Koscom, a subsidiary of KRX"
T1-019,site,4,https://www.thetradenews.com/kvh-and-koscom-offer-quick-korea-connectivity/,The TRADE,HFT customer base and 4 June 2012 opening of the Koscom Busan data centre (KVH partnership),The intention is to provide international traders with a competitive advantage in high-frequency trading.
T1-019,site,5,https://baxtel.com/data-center/colt-busan,Baxtel (data centre industry database),"Colt Busan DC and Koscom Busan IDC are the same facility (one pin, not two)","Koscom operates an IDC in Busan, which is hosted within the Colt Technology Services' Busan data center."
T1-020,site,1,https://links.sgx.com/FileOpen/20150624_News_Release_BCOI_report.ashx?App=ArchiveAnnouncement&FileID=357241&AnncID=5NDW88WZ0QVNLLAT,,SGX news release (2015) for the SGX Data Centre; Keppel Digihub identification via DCD/industry databases — hence reported,
T1-020,site,2,https://www.datacenterdynamics.com/en/news/keppel-tt-group-announces-fourth-data-center-in-singapore/,"Data Centre Dynamics (DCD), 27 July 2015",Places SGX's primary data centre inside Keppel Digihub — the building-location claim,Keppel T&T's Digihub data center in Singapore ... involved in an outage that affected the operations of the Singapore Stock Exchange (SGX)
T1-020,site,3,https://baxtel.com/data-center/kepple-dc-singapore-1-s25,Baxtel (data centre industry database),Street address of Keppel DC Singapore 1 (S25),25 Serangoon North Ave 5
T1-020,site,4,https://www.streetdirectory.com/sg/keppel-digihub/25-serangoon-north-avenue-5-554914/4590_95224.html,Streetdirectory Singapore,"Keppel Digihub is the building at 25 Serangoon North Avenue 5, postal code 554914 — ties the DCD-named Digihub to the mapped address",Keppel Digihub ... 25 Serangoon North Avenue 5 (S)554914
T1-020,site,5,https://www.keppeldatacentres.com/locations/asia-pacific/singapore/keppel-dc-singapore-1/,Keppel Data Centres (operator),"Building operator, location district, 225,956 sq ft GFA, ABS OSPAR certification for financial industries","within the Serangoon North Industrial Estate, some 10.5km north of the city centre"
T1-020,site,6,https://uptimeinstitute.com/component/tierachievement/datacenter/sgx-colocation-data-center/467,Uptime Institute,"Facility name and Tier III Design certification, owner listed as Singapore Exchange Limited",SGX Co-Location Data Center
T1-020,site,7,https://www.thetradenews.com/sgx39s-new-co-location-service-goes-live/,"The TRADE, 18 April 2011",Data centre 'officially opened on 11 April' 2011; colo service initially launched June 2010; client mix incl. proprietary trading firms; S$250m Reach investment,"50 clients, comprising brokers, proprietary trading firms, funds and vendors have signed up to the co-location service"
T1-020,site,8,https://tnsi.com/resource/fin/sgx-tns-enhance-colocation-options-market-access-for-traders-press-release/,"Transaction Network Services (TNS) press release, 25 May 2021",Tier 1 colocation / managed hosting inside the SGX data centre active as of 2021; <100 microsecond round-trip latency,We are delighted to be working with TNS to fulfil our mutual clients' need for enhanced connectivity and the fastest access to SGX.
T1-020,site,9,https://mondovisione.com/media-and-resources/news/sgxs-reach-trading-engine-goes-live-1-2011816/,"Mondo Visione (SGX press release reprint), 16 August 2011",Reach engine go-live; SGX Data Centre and Co-Location services rolled out April 2011 as part of $250m programme,the world's fastest trading engine with ultra-low latency of less than 90 microseconds
T1-020,site,10,https://beeksgroup.com/services/connectivity/data-centres/asiapac/sgx-singapore-sgx/,Beeks Group (vendor page),Vendor presence in SGX colocation; service commercially active,"The Beeks Private Cloud is rolled out to key financial data centres and exchange locations worldwide, including NY4, LD4, TY3, SG1, CME, SGX and LME."
T1-021,site,1,https://www.asx.com.au/alc,,"ASX ALC service pages; opened Feb 2012 at Gore Hill (Artarmon), not Gordon as commonly misremembered",
T1-021,site,2,https://www.asx.com.au/connectivity-and-data/connectivity-services/alc,ASX,primary markets and post-trade platforms run from ALC; page also describes ASX microwave connectivity service and ASX Net fibre,ASX operates its primary markets and post-trade platforms from the ALC
T1-021,site,3,https://www.nexthop.com.au/datacentre-dark-fibre/australian-liquidity-centre/,Nexthop,verbatim street address,"5a Broadcast Way, Artarmon NSW 2064"
T1-021,site,4,https://www.datacenterdynamics.com/en/news/australian-stock-exchange-launches-iaas-hosted-in-australian-liquidity-centre/,Data Centre Dynamics,"location Gore Hill Business Park, Artarmon (corrects candidate's 'Gordon'); Beeks IaaS","The data center is located in the Gore Hill Business Park in Artarmon, near Sydney."
T1-021,site,5,https://www.itnews.com.au/news/new-asx-data-centre-goes-live-289358,iTnews,"Feb 2012 go-live, A$32m cost, 1,000 sqm, cabinet count, Gore Hill location, launch customer names",100 ASX cabinets and 500 cabinets for its trading customers
T1-022,site,1,https://cdn.cboe.com/resources/membership/CXA_Connectivity_Manual.pdf,,"Cboe CXA connectivity manual: Cboe Australia matching engine in Equinix SY5; Baxtel lists 54MW whole-site design capacity (industry database, not venue-specific)",
T1-022,site,2,https://baxtel.com/data-center/equinix-sydney-sy5,Baxtel,"street address, 2019 opening, 54MW facility design capacity",200 Bourke Road Alexandria
T1-023,site,1,https://www.twse.com.tw/en/products/colo/colo.html,,"TWSE official co-location pages; Banqiao DC opened Jan 2016 (NT$3.55bn), documented to road-intersection level only",
T1-023,site,2,https://www.twse.com.tw/en/products/colo/qa.html,Taiwan Stock Exchange (official),rack power options; one 100Mbps trading + one market-data line per rack; eligibility limited to securities firms (head office) and information vendors,Two types of racks with a 4KW or 5KW power intensity are provided as needed.
T1-023,site,3,https://dsp.twse.com.tw/public/static/downloads/computerPlanningOperationsDepartment/02-1%E3%80%90%E5%AE%A3%E5%B0%8E%E8%AD%B0%E9%A1%8C%E3%80%91%E4%B8%BB%E6%A9%9F%E5%85%B1%E7%BD%AE%E7%9B%A3%E7%90%86%E8%A6%8F%E7%AF%84%E8%AA%AA%E6%98%8E_20241205094339.pdf,Taiwan Stock Exchange (official colo supervision presentation),colo room sits inside 證交所資訊中心 alongside TWSE and TPEx hosts; service actively used and specially audited since Nov 2020 incl. fair treatment of investors,109年11月對使用主機共置服務之證券商進行專案查核
T1-023,site,4,https://www.twse.com.tw/downloads/en/about/company/annual_100.pdf,Taiwan Stock Exchange (official annual report 2011),primary exchange doc placing TWSE's information center (the colo site) in Banqiao,the building of a Banqiao Computer Center (the first information center) has been planned
T1-023,site,5,https://www.datacenterdynamics.com/en/news/taiwan-stock-exchange-opens-modern-data-center/,Data Centre Dynamics,"Banqiao location; 28,647 sqm; 7 floors up/3 down; dual Taipower feeds; TIA-942; magnitude-7 earthquake design; built with Chunghwa Telecom; shared with Taipei Exchange and Taiwan Futures Exchange; opened 2016",The facility in Banqiao District was under construction for nearly three years
T1-023,site,6,https://finance.ettoday.net/news/637070,ETtoday,official opening 25 Jan 2016; land bought from Chunghwa Telecom in Banqiao; colo (主機共置) for securities firms; machine rooms for TPEx and TAIFEX,提供櫃檯買賣中心、期貨交易所等單位做為電腦機房
T1-023,site,7,https://www.mygonews.com/news/detail?news_id=105845,MyGoNews,"siting at Guoqing Rd x Gancheng Rd intersection; 1,850-ping site; NT$3.55bn total investment; 7F + B3; 8,668-ping floor area",證交所資訊中心位於板橋區國慶路與干城路交叉口
T1-024,site,1,https://www.jse.co.za/services/jse-colocation-connectivity,,"JSE colocation service pages + brochure: colo housed in the JSE building, One Exchange Square, Sandton (launched May 2014)",
T1-024,site,2,https://www.jse.co.za/sites/default/files/media/documents/2021-03/CO%20LOCATION%20BROCHURE%20%5B04-02-2021%5D_0.pdf,"JSE Limited (official colocation brochure, 2021)","73 racks total (35 in Phases 1-4 + 38), Tier 3 design, ~20 microseconds vs 2,400 for Sandton, 3kW/5kW hosting units, equal-length cabling, 16 NSPs in meet-me-room, London PoP connectivity",An additional 38 Racks installed/made available thereby depicting a total of 73 Racks.
T1-024,site,3,https://www.datacenterdynamics.com/en/news/johannesburg-stock-exchange-opens-colo-data-center/,Data Centre Dynamics,May 2014 launch of the colo center on JSE premises; launch-era latency figures; Millennium IT trading software,a roundtrip latency of 150μs compared to the existing 2550μs
T1-024,site,4,https://www.jsemagazine.co.za/market-place/colocation-at-jse/,JSE Magazine,"usage share ~65% of trading by mid-2022, 71-rack build-out, planned ~43-rack expansion for early 2023, Tier 3 design","launched the colo centre in 2014, it handled about 20% of the JSE's trading activity"
T1-024,site,5,https://www.jse.co.za/news/news/jse-expands-its-cloud-based-colocation-services-offering,"JSE Limited (corporate announcement, 19 Jun 2023)",Colo 2.0 managed private-cloud service inside the JSE data centre with Beeks Group and IPC Systems; confirms 2014 launch of the colocation centre,This collaboration with two global market leaders is paramount to fostering innovation at the JSE.
T1-025,site,1,https://www.prnewswire.com/news-releases/the-tel-aviv-stock-exchange-ltd-reports-the-results-of-the-financial-statements-for-the-second-quarter-of-2020-301110174.html,,TASE Q2-2020 results announce colocation at TASE Data Centre; Electra (contractor) project page places the building at Ahuzat Bait 2,
T1-025,site,2,https://www.electra.co.il/%D7%A4%D7%A8%D7%95%D7%99%D7%A7%D7%98%D7%99%D7%9D/%D7%9E%D7%95%D7%A1%D7%93%D7%95%D7%AA_%D7%A4%D7%99%D7%A0%D7%A0%D7%A1%D7%99%D7%99%D7%9D/%D7%94%D7%91%D7%95%D7%A8%D7%A1%D7%94_%D7%9C%D7%A0%D7%99%D7%99%D7%A8%D7%95%D7%AA_%D7%A2%D7%A8%D7%9A_%D7%AA%D7%9C_%D7%90%D7%91%D7%99%D7%91,Electra Group (building contractor project page),"Physical location and spec: Tier III-equivalent computer room, 1,000 sqm, 1,200-ton air-cooled chillers, at Ahuzat Bait 2, Tel Aviv-Yafo (built 2012-2014)",חדר מחשב (מדרג: שווה ערך ל-TIER III)
T1-025,site,3,"https://xnet.ynet.co.il/architecture/articles/0,14710,L-3105037,00.html","Xnet / Ynet (architecture feature, on-site reporting)","The TASE building houses the exchange's computing center, on floor minus-4 of six underground floors",אנחנו נמצאים בקומה מינוס 4... ובקור המנשב פה ממוקם מרכז המחשוב
T1-025,site,4,https://www.thetradenews.com/tel-aviv-stock-exchange-takes-on-avelacom-for-low-latency-trading-execution/,The TRADE (13 Mar 2023),Active third-party colo/connectivity ecosystem inside TASE's primary data center; NY-Tel Aviv <117ms round-trip,"Avelacom is setting up in TASE's primary data center to provide connectivity, colocation and hardware-as-a-service (HaaS) solutions"
T1-025,site,5,https://ffnews.com/newsarticle/fintech/avelacom-collaborates-with-the-tel-aviv-stock-exchange-for-low-latency-trading-execution-services/,FF News / Fintech Finance (13 Mar 2023),TASE executive (Issac Nissan) publicly confirming co-location services with international users,alongside other leading international institutions that benefit TASE's co-location services
T1-026,site,1,https://thesource.lseg.com/TheSource/getfile/download/840e069d-969a-4b99-b663-1a67046ab6ed,,"LSEG FX venues colo connectivity guide (2026) + CME Globex Hub Tokyo page; ex-EBS Tokyo matching engine site, still Asia FX colo hub",
T1-026,site,2,https://cmegroupclientsite.atlassian.net/wiki/display/EPICSANDBOX/CME+Globex+Hub+-+Tokyo,CME Group Client Systems Wiki,Current EBS market access from TY3; same page: 'CME Globex Hub - Tokyo only provides connectivity to EBS's markets',Customers using CME Globex Hub - Tokyo can be Equinix Licensed Space customers in TY3 or TY5
T1-026,site,3,https://cmegroupclientsite.atlassian.net/wiki/display/EPICSANDBOX/EBS+Market+on+CME+Globex+Market+Functionality,CME Group Client Systems Wiki,Tokyo TY3 row of the EBS regional deployment table lists no trading engine ('None') — Tokyo demoted to market-data/access point after the Globex migration,Conflated TCP Credit Screened only
T1-026,site,4,https://www.tradersmagazine.com/am/the-real-cost-of-the-new-ebs/,Traders Magazine,Historical EBS tri-site matching architecture including a Tokyo TY3 matching engine,"There were three independent matching locations New York (NY4), London (LD4) and Tokyo (TY3)"
T1-026,site,5,https://flextrade.com/resources/singapore-spurs-development-of-fx-trading-hub-ecosystem/,FlexTrade (Ivy Schmerken),EBS matching engine in TY3 (pre-Globex-migration era) and TY3's role as the Asia FX hub,the matching is still happening in Tokyo's TY3 data center mainly due to EBS's moving to TY3 earlier in the decade
T1-026,site,6,https://www.peeringdb.com/api/fac?name__contains=TY3,PeeringDB,"Street address and coordinates of Equinix TY3 (zipcode 135-0051, Tokyo, JP; lat 35.6567, lon 139.803428)",1-9-20 Edagawa
T1-027,site,1,https://thesource.lseg.com/TheSource/getfile/download/840e069d-969a-4b99-b663-1a67046ab6ed,,LSEG NDF Matching primary engine in SG3 per LSEG connectivity guide + May 2022 launch release,
T1-027,site,2,https://www.lseg.com/en/media-centre/press-releases/2022/lseg-launch-new-ndf-matching-venue-singapore-support-strong-demand-asia-market,LSEG press release (May 2022),"Corporate announcement of the Singapore NDF Matching venue, supported by the Monetary Authority of Singapore","The venue will be open for integration testing later this year, with a full production launch in mid-2023"
T1-027,site,3,https://www.peeringdb.com/api/fac/2260,PeeringDB,"Street address and coordinates of Equinix SG3 (Singapore 139963; lat 1.29556, lon 103.790346)",26A Ayer Rajah Crescent
T1-028,site,1,http://ftp.moex.com/pub/connectivityguides/en/mcg1001-en-colocation-connectivityguide.pdf,,MOEX colocation connectivity guide names DataSpace1 (primary DC + colo since Nov 2016); 9.5MW per DCD. Flagged historical: international HFT colo story ended with the 2022 sanctions exodus,
T1-028,site,2,https://www.moex.com/n6736,Moscow Exchange press release (11 Nov 2014),"DataSpace1 chosen as MOEX primary DC, hosting colocation clients","will host trading, clearing and depository technology as well as MoEx's colocation clients"
T1-028,site,3,https://www.financemagnates.com/institutional-forex/exchanges/moscow-exchange-dataspace1-becomes-primary-data-centre/,Finance Magnates (7 Nov 2016),DataSpace1 became primary DC on 7 Nov 2016; M1 relegated to disaster recovery,all client-side systems and trading terminals should be configured to accept DataSpace1 as the primary DC and M1 as the DR site
T1-028,site,4,https://www.datacenterdynamics.com/en/news/moscow-exchange-moves-to-dataspace1/,Data Center Dynamics (12 Nov 2014),"power_mw figure (9.5MW), four-floor Tier III Gold facility, migration of MOEX primary trading infrastructure",the 9.5MW DataSpace1 facility
T1-028,site,5,https://report2022.moex.com/en/3/2/index.html,Moscow Exchange Annual Report 2022,the historical flag: foreign participation cut off from end-Feb 2022,inability of brokers to trade in Russian equities on behalf of non-residents from the end of February 2022
T1-028,site,6,https://www.moex.com/n23779,Moscow Exchange press release (29 May 2019),pre-2022 international HFT/market-maker participation via MOEX points of presence,"growing interest in Russian assets from these regions from financial market participants such as investment funds, HFT traders and market makers"
T1-029,site,1,https://www.moex.com/s653,,MOEX network access page + 2012-2015 trade press: M1 hosted MICEX-RTS/MOEX colo before the DataSpace1 move,
T1-029,site,2,https://www.marketsmedia.com/hft-firms-eye-russia-as-new-moscow-fiber-route-opens/,Markets Media (21 Aug 2012),M1 hosted the Micex-RTS securities data center as Western HFT firms targeted Moscow via new London fiber,"Moscow's M1 financial district, where the main Russian exchange, Micex-RTS, will be basing its data center for its securities markets"
T1-029,site,3,https://www.financemagnates.com/institutional-forex/bloggers/unlocking-hft-at-moscow-exchange-what-are-the-numbers/,Finance Magnates (30 Jul 2015),M1 was MOEX's HFT colocation facility pre-migration; article puts HFT at ~45% of MOEX volume,"world-class CO-Location Data Centre at M1, with all facilities for HFT Funds"
T1-029,site,4,https://m1cloud.ru/en/about/data-centers/,M1Cloud (operator),"operator-stated facility address, NICEVT building, in operation since 2006","125 Varshavskoye Avenue, bldg. 1, Moscow, 117405"
T1-030,site,1,https://www.jpx.co.jp/corporate/news/news-releases/0060/20230120-01.html,,"JPX news releases (2021-2023): Kansai backup matching site (J-GATE3.0 2021, cash equities 2022) + Kansai Proximity Service at arrownet AP4; facility address not published — city-level",
T1-030,site,2,https://www.jpx.co.jp/faq/system_relation.html,Japan Exchange Group (official FAQ),"Kansai Proximity Service = participant equipment hosted adjacent to arrownet AP4, with JPX-provided network to the trading systems.",AP4に隣接している指定データセンター事業者が運営するエリア内に…機器等を設置するスペースを提供
T1-030,site,3,https://faqsd.jpx.co.jp/faq/show/5137?category_id=462&site_domain=default,JPX Service Desk FAQ,Official JPX statement that arrownet access point AP4 is in Osaka (city-level only).,AP2：さいたま　AP3：豊洲　AP4：大阪
T1-030,site,4,https://www.jpx.co.jp/systems/connectivity/01.html,Japan Exchange Group (connectivity services),Kansai Proximity Service is a live commercial offering alongside Tokyo colocation.,利用者が関西プロキシミティエリアに設置した機器（システム）と外部拠点を接続するためのarrownet回線を提供
T2-001,site,1,https://www.prnewswire.com/news-releases/vigilant-confirms-it-will-not-appeal-richborough-mast-planning-decision-300504911.html,,Vigilant press release (no appeal) + Dover DC planning record via Sniper in Mahwah part 6,
T2-001,site,2,https://www.prnewswire.com/news-releases/vigilant-confirms-it-will-not-appeal-richborough-mast-planning-decision-640280903.html,PR Newswire (Vigilant release),"Refusal outcome and no-appeal decision, from the operator itself",has taken the decision to not appeal against Dover District Council's refusal of their application
T2-001,site,3,https://sniperinmahwah.wordpress.com/2017/01/30/hft-in-the-banana-land-part-6/,Sniper in Mahwah (Alexandre Laumonier),"Dover District Council vote against the Vigilant mast, January 2017","The ten councilors voted and the hammer dropped: 9 against the mast, and one abstention."
T2-002,site,1,https://www.tradersmagazine.com/departments/brokerage/wall-street-grabs-nato-towers-in-traders-speed-of-light-quest/,,Bloomberg (via Traders Magazine) on the tower purchase; Laumonier fieldwork,
T2-002,site,2,https://sniperinmahwah.wordpress.com/2016/01/26/hft-in-the-banana-land/,Sniper in Mahwah (Alexandre Laumonier),"Price, height, and location of the Houtem tower","Jump Trading has spent $5 millions to buy an old 243-meter US military tower in Houtem, on the Belgian coast, back in December 2013"
T2-002,site,3,https://sniperinmahwah.wordpress.com/2014/09/22/hft-in-my-backyard-part-i/,Sniper in Mahwah (Alexandre Laumonier),Route role of the Houtem tower in Jump's network,"now they can go directly to Ramsgate, and Basildon"
T2-003,site,1,https://www.quincy-data.com/global-coverage,,"Quincy Data global coverage page + launch/upgrade press releases; pinned at the CME Aurora campus (2705-2905 Diehl Rd) — coords moved with the T1-004 geocode correction, head-end dishes/tower not separately resolved",
T2-003,site,2,https://mckay-brothers.com/media,McKay Brothers (operator site),"McKay operates the Aurora head-end of Chicago–NJ routes serving Carteret, Secaucus, Mahwah",McKay offers the lowest known latency between Illinois and the eight major New Jersey trading centers.
T2-003,site,3,https://a-teaminsight.com/blog/mckay-brothers-builds-out-low-latency-microwave-connectivity/,A-Team Insight,Aurora as origin of McKay's New Jersey microwave routes (2014),"The roadmap targets latency between Aurora in Chicago, Illinois and Secaucus in New Jersey at below 8.05 milliseconds"
T2-003,site,4,https://www.datacenterknowledge.com/operations-and-management/high-frequency-trading-fight-escalates-as-new-tower-blooms-next-to-cyrusone-s,Data Center Knowledge (Bloomberg),McKay affiliate Jefferson Microwave licensed on the tower next to CyrusOne Aurora,Jefferson is part of Oakland-based McKay Brothers
T2-003,site,5,https://www.prnewswire.com/news-releases/quincy-data-lowers-latency-with-mckay-brothers-upgrades-300268148.html,PR Newswire (Quincy Data release),Aurora is the QED market-data source/head-end for futures data,"Quincy sources Interest Rate, Equity Index, Energy, Metals and FX futures data in Aurora."
T2-003,site,6,https://www.prnewswire.com/news-releases/quincy-data-announces-launch-of-ultra-low-latency-wireless-market-data-over-the-mckay-brothers-microwave-network-184430361.html,PR Newswire (Quincy Data release),"McKay's first long-haul microwave route runs from the Aurora head-end to NJ, live since July 2012","connecting Aurora, IL to Newark and Secaucus, NJ - has been in production with live customer trading since July 2012"
T2-003,site,7,https://www.datacenterknowledge.com/cyrusone/high-frequency-trading-fight-escalates-new-tower-blooms-next-cyrusones,Data Center Knowledge,FCC records (per DCK) license McKay affiliate on the CyrusOne 350-ft Aurora tower,"three entities are licensed to operate from the CyrusOne perch: Jefferson Microwave LLC, New Line Networks LLC and Webline Holdings LLC"
T2-003,site,8,https://databento.com/blog/cme-colocation,Databento,Street address of the CyrusOne Aurora / CME campus,"2905 E. Diehl Road, Aurora, IL 60502"
T2-003,site,9,https://www.datacenterknowledge.com/business/furious-land-war-erupts-outside-cme-data-center,Data Center Knowledge,"McKay (via Pierce Broadband LLC, Oct 2015 lease) won county approval for a tower near the CME DC; implies an existing McKay location nearby",a 350-foot high microwave tower that could be 600 feet closer to the data center than its current location
T2-004,site,1,https://sniperinmahwah.wordpress.com/2018/05/07/shortwave-trading-part-i-the-west-chicago-tower-mystery/,,Van Valzah Shortwave Trading part I; Bloomberg follow-up (via DCK); FCC experimental license,
T2-004,site,2,https://www.datacenterknowledge.com/networks/hft-traders-dust-19th-century-tool-search-market-edge,Data Center Knowledge (Bloomberg reprint),"licensee identity (Toggle Communications LLC); same article: site behind Aunt Millie's Bakeries, run by IMC BV, dish pointed at CME Aurora",A company called Toggle Communications LLC has an experimental radio license for antennas on the tower.
T2-004,site,3,https://spectrum.ieee.org/wall-street-tries-shortwave-radio-to-make-highfrequency-trades-across-the-atlantic,IEEE Spectrum,IMC link via FCC license real-party-of-interest field,"the 'real party of interest' is IMC B.V., a technology-driven trading firm that has invested in McKay Brothers"
T2-004,site,4,https://docs.fcc.gov/public/attachments/FCC-25-88A1.pdf,Federal Communications Commission,Toggle license (WI2XAJ) original grant date; confidentiality of technical exhibits upheld Dec 2025,"the experimental license originally granted to Toggle Communications LLC (Toggle) on November 6, 2015"
T2-005,site,1,https://www.prnewswire.com/news-releases/mckay-brothers-launches-route-between-slough-and-frankfurt-in-464-ms-lowest-known-latency-300047866.html,,McKay Brothers launch release (Mar 2015): Slough-LD4 to Frankfurt-FR2 microwave at 4.64ms round trip / 2.320ms one-way — names the LD4 head-end (pin = LD4 building). Ofcom fixed-links register is an interactive portal with no stable per-path URLs (bulk extraction is Phase 2); this URL documents McKay only — Vigilant et al. on the corridor per Laumonier fieldwork,
T2-006,site,1,https://www.datacenterknowledge.com/business/furious-land-war-erupts-outside-cme-data-center,,Bloomberg (via Data Center Knowledge): 31-acre parcel bought for $14M across from the CME Aurora DC; antenna pole documented,
T2-006,site,2,https://digitalfinanceanalytics.com/blog/the-high-frequency-trading-arms-race-just-went-up-a-notch/,Digital Finance Analytics (republished Bloomberg),Jump affiliate's purchase of the parcel across from the CME Aurora data center,"Jump Trading affiliate World Class Wireless purchased the 31-acre lot for $14 million, according to county records."
T2-006,site,3,https://finance.yahoo.com/news/geodesic-networks-llc-subsidiary-kcg-130805802.html,"GlobeNewswire via Yahoo Finance (KCG Holdings press release, Feb 12 2015)",the JV between the Jump and KCG entities is named New Line Networks,"Geodesic Networks, LLC, and World Class Wireless, LLC have created a joint venture, New Line Networks LLC."
T2-006,site,4,https://docs.fcc.gov/public/attachments/DOC-390804A1.pdf,"Federal Communications Commission (Public Notice 17442, 01/25/2023)",NLN holds FCC Microwave Industrial/Business Pool licenses (primary source; contains no site locations),0010341627 G AM 01/17/2023 WRCR823 New Line Networks
T2-007,site,1,https://www.datacenterknowledge.com/operations-and-management/high-frequency-trading-fight-escalates-as-new-tower-blooms-next-to-cyrusone-s,,"Bloomberg (via DCK): 350-ft CyrusOne tower adjacent to the Aurora I/II halls, first antenna 2018; same campus as site T1-004",
T2-008,site,1,https://sniperinmahwah.wordpress.com/2014/09/25/hft-in-my-backyard-ii/,,"Kent HER designation record (OS grid ref TR 3347 4287) for the Chain Home towers; HFT dish tenants (McKay, Optiver, Jump) per Sniper in Mahwah fieldwork",
T2-008,site,2,https://sniperinmahwah.wordpress.com/2015/01/14/hft-in-my-backyard-v/,Sniper in Mahwah (Alexandre Laumonier),Jump Trading presence; only two towers remain (third dismantled 2010),"on one of the two remaining towers you can find the dishes of some HFT competitors, McKay Brothers, Optiver and Jump Trading"
T2-008,site,3,https://www.tradersmagazine.com/departments/brokerage/wall-street-grabs-nato-towers-in-traders-speed-of-light-quest/,"Traders Magazine (Bloomberg News reprint, July 2014)",Tower ownership (Arqiva) and USAF history; same article reports Optiver frequency license near Dover per Ofcom,A set of towers in Swingate near Dover once used by the U.S. Air Force are now owned by Arqiva Ltd.
T2-008,site,4,https://heritage.kent.gov.uk/Designation/DKE21505,Kent Historic Environment Record (Historic England Grade II listing),"Precise location (grid ref TR 3347 4287, St Margaret's at Cliffe, Dover), Grade II listing, 1936-8 construction","Transmitter site to the former Swingate Chain Home Station, 1936-8, comprising the transmitter building, and two transmitter tower bases"
T2-009,site,1,https://sniperinmahwah.wordpress.com/2014/09/25/hft-in-my-backyard-ii/,,"ANFR-derived radio-site record (RNC Mobile, support 0590990306, 97m) + Sniper in Mahwah fieldwork on the Dunkerque Channel head-end",
T2-009,site,2,https://rncmobile.net/site/12747,RNC Mobile (ANFR-derived radio-site database),"Street address, coordinates (51.03833, 2.37806), TDF-owned 97 m antenna support, ANFR code 0590990306",2 r Jean Jaures 5 r Fockedey Tour De Reuze 59140 Dunkerque
T2-009,site,3,https://www.visionscarto.net/hft-in-the-jungle,Visionscarto (Alexandre Laumonier),"Firms crossing the Channel from the Dunkerque area (2014-15 route description, published 2016)","some networks were updated and go from Dunkerque (or Grande-Scynthe) to Ramsgate (McKay Brothers, Optiver)"
T2-010,site,1,https://sniperinmahwah.wordpress.com/2016/01/26/hft-in-the-banana-land/,,Sniper in Mahwah (2016): McKay Brothers dishes on a Dunkerque port grain elevator; exact silo not identified — city-level pin,
T2-011,site,1,https://sniperinmahwah.wordpress.com/2016/01/26/hft-in-the-banana-land/,,"Sniper in Mahwah (2016): Belgian end of Vigilant's proposed direct crossing to Richborough (Ofcom path data, Apr 2015 licenses); UK mast refused — historical",
T2-012,site,1,https://sniperinmahwah.wordpress.com/2016/01/26/hft-in-the-banana-land/,,"Sniper in Mahwah / Visionscarto: preferred UK landing area for shorter Channel crossings; documented via 2014-2016 planning applications, individual masts not singly located",
T2-012,site,2,https://www.visionscarto.net/hft-in-the-jungle,Visionscarto (Alexandre Laumonier),Ramsgate as UK end of the Dunkerque Channel crossing,"from Dunkerque (or Grande-Scynthe) to Ramsgate (McKay Brothers, Optiver)"
T2-013,site,1,https://sniperinmahwah.wordpress.com/2015/01/14/hft-in-my-backyard-v/,,Sniper in Mahwah V (ex-DEB technician coords) + OSM surveyed node 3646963462 'Ancien station de relais US/OTAN' 7m away — two independent sources within 10m,
T2-013,site,2,https://sniperinmahwah.wordpress.com/2014/09/25/hft-in-my-backyard-ii/,Sniper in Mahwah (Alexandre Laumonier),Flow Traders and Optiver colocation on the Flobecq tower,"In Flobecq, another old US army tower, they co-locate with Flow Traders and Optiver"
T2-014,site,1,https://sniperinmahwah.wordpress.com/2015/02/03/hft-in-my-backyard-the-last-tower/,,"Sniper in Mahwah ('the last tower'): McKay dishes on the Norkring broadcast tower, documented Feb 2015",
T2-015,site,1,https://sniperinmahwah.wordpress.com/2014/09/25/hft-in-my-backyard-ii/,,"Sniper in Mahwah II: three Jump-owned dishes photographed 2014, two pointing to Hannut",
T2-016,site,1,https://sniperinmahwah.wordpress.com/2014/09/25/hft-in-my-backyard-ii/,,Sniper in Mahwah II: hop on Jump's Belgian chain toward Frankfurt; Jump dishes + Optiver colocation via cadastre dossiers (2014),
T2-017,site,1,https://sniperinmahwah.wordpress.com/2014/09/25/hft-in-my-backyard-ii/,,Sniper in Mahwah II: eastern Belgian hop toward Frankfurt; three competing operators within ~1 km (2014). German-side relays not yet mapped,
T2-018,site,1,https://sniperinmahwah.wordpress.com/2018/06/07/shortwave-trading-part-ii-faq-and-other-chicago-area-sites/,,"Van Valzah Shortwave Trading II: coordinates from FCC experimental license (10Band LLC); 20kW transmitter, ERP 808kW, heading 48deg toward Europe",
T2-018,site,2,https://www.datacenterknowledge.com/networks/hft-traders-dust-19th-century-tool-search-market-edge,Data Center Knowledge (Bloomberg reprint),Jump/Virtu link to the 'Maple Park' two-tower spider-web wire-antenna project,"The company behind this project is New Line Networks LLC, a joint venture of Chicago-based Jump Trading LLC and New York-based Virtu Financial Inc."
T2-018,site,3,https://fcc.report/ELS/10Band-LLC/0507-EX-CR-2021,fcc.report (FCC Experimental Licensing System mirror),10Band WI2XNX 2021 renewal uses New Line Networks' engineering contact; filing note records 2020 transfer of control to William diSomma Trust,E-Mail Address: engineering@newlinenet.com
T2-018,site,4,https://fcc.report/ELS/Services-Development-Company-LLC/0042-EX-TU-2017,fcc.report (FCC Experimental Licensing System mirror),context: Virtu directly controls an FCC experimental shortwave license (WH2XVO),Transfer of control from Blueline Comm LLC to Virtu Financial Operating LLC.
T2-019,site,1,https://sniperinmahwah.wordpress.com/2018/07/13/shortwave-trading-part-iii-fourth-chicago-site-east-coast-patent-regulation-and-farmer-kevin-mystery/,,"Van Valzah Shortwave Trading III: silo-top antennas near CME; licensee undisclosed — trading attribution triangulated, hence inferred",
T2-020,site,1,https://sniperinmahwah.wordpress.com/2018/06/07/shortwave-trading-part-ii-faq-and-other-chicago-area-sites/,,"Van Valzah Shortwave Trading II: FCC-license coordinates (County Information Services LLC); 10kW, ERP 768kW toward Europe",
T2-020,site,2,https://docs.fcc.gov/public/attachments/FCC-25-88A1.pdf,Federal Communications Commission,licensee identity and current experimental license; FOIA confidentiality upheld Dec 2025,"County Information Services LLC, File No. 1238-EX-CN-2022, Call Sign WN2XCR"
T2-021,site,1,https://sniperinmahwah.wordpress.com/2018/07/13/shortwave-trading-part-iii-fourth-chicago-site-east-coast-patent-regulation-and-farmer-kevin-mystery/,,Van Valzah Shortwave Trading III: legacy ARINC HF station reused (Skycast Services WI2XER per FCC filings),
T2-021,site,2,https://docs.fcc.gov/public/attachments/FCC-25-88A1.pdf,Federal Communications Commission,transatlantic purpose of the WI2XER license (exhibit title quoted in FCC order),Confidential Description of Continuing Experimental North America-to-Europe Wideband HF Program – License Renewal
T2-022,site,1,https://docs.fcc.gov/public/attachments/FCC-25-88A1.pdf,,"FCC filings + drmna.info: WK2XJK (Rockland Wireless, Tower Research subsidiary) and WIPE (Turms Tech) at the Alpine Armstrong Tower",
T2-022,site,2,http://drmnainfo.blogspot.com/2020/08/questions-remain-as-new-hf-stations.html,drmna.info (DRM North America),"WIPE (Turms Tech) construction-permit location, coordinates N 40 57 40.38 / W 73 55 23.97",the broadcast and communications center surrounding the famous Armstrong Tower at Alpine NJ
T2-022,site,3,http://www.mail-archive.com/bvarc@bvarc.org/msg18128.html,BVARC mailing list (via mail-archive.com),"WK2XJK reported operating at the Armstrong Tower, Alpine NJ",16 kW ERP in several bands
T2-022,site,4,https://sniperinmahwah.wordpress.com/2018/07/13/shortwave-trading-part-iii-fourth-chicago-site-east-coast-patent-regulation-and-farmer-kevin-mystery/,Sniper in Mahwah (Bob Van Valzah),2018 status of the Alpine site: licensed but antennas not yet built,"no shortwave antennas had been built as planned when I visited in early June, 2018"
T2-023,site,1,https://www.peeringdb.com/api/netfac?net_id=12684,,"PeeringDB: Two Sigma AS22175 lists this single facility (network forensics per evidence pipeline; interconnection presence only, not compute)",
T2-023,site,2,https://www.peeringdb.com/api/fac/16,PeeringDB,"facility street address and source-stated coordinates (40.741469, -74.003387)",111 8th Ave ... New York ... 10011
T2-024,site,1,https://www.submarinenetworks.com/en/stations/north-america/canada/halifax,,"submarinenetworks.com + TeleGeography: western landing of Hibernia Express (now EXA Express), built 2015 for NY-London latency (~58.95ms NY4-LD4 tested RTD)",
T2-024,site,2,https://www.submarinecablemap.com/api/v3/landing-point/halifax-ns-canada.json,TeleGeography Submarine Cable Map (API),"TeleGeography landing-point record listing EXA Express (RFS 2015, operational) landing at Halifax, NS","Halifax, NS, Canada"
T2-024,site,3,https://www.lightwaveonline.com/network-design/high-speed-networks/article/16651312/hibernia-express-transatlantic-submarine-cable-network-ready-for-service,Lightwave (trade press),"Canadian landing of Hibernia Express at Halifax, Nova Scotia; 4,600 km, six pairs, >53 Tbps; Microsoft and Zayo customers","links Halifax, Nova Scotia to Slough, UK (landing at Brean Sands), and Cork, Ireland."
T2-024,site,4,https://www.cabletechnologynews.co.uk/hibernia-express-transatlantic-cable-route-connects-new-york-to-london-in-under-58-95-milliseconds/,"Cable Technology News (reproducing Hibernia Networks release, 24 Sep 2015)",Latency claim in capacity_note; release confirms LD4 Slough to NY4 Secaucus measurement and 'financial markets' customer segment,actual tested latency of better than 58.95ms (milliseconds) from New York to London
T2-025,site,1,https://www.theregister.com/2019/03/11/brean_cable_landing_station_wide_open/,,The Register on-site report confirms Brean landing station; TeleGeography landing-point record,
T2-025,site,2,https://www.submarinecablemap.com/api/v3/landing-point/brean-united-kingdom.json,TeleGeography Submarine Cable Map (API),"TeleGeography landing-point record listing EXA Express (RFS 2015, operational) landing at Brean, UK","Brean, United Kingdom"
T2-025,site,3,https://www.lightwaveonline.com/network-design/high-speed-networks/article/16651312/hibernia-express-transatlantic-submarine-cable-network-ready-for-service,Lightwave (trade press),UK landing at Brean Sands with backhaul to Slough,"links Halifax, Nova Scotia to Slough, UK (landing at Brean Sands), and Cork, Ireland."
T2-025,site,4,https://www.cabletechnologynews.co.uk/hibernia-express-transatlantic-cable-route-connects-new-york-to-london-in-under-58-95-milliseconds/,"Cable Technology News (reproducing Hibernia Networks release, 24 Sep 2015)",Equinix LD4 Slough as the UK-side measured latency endpoint of the backhaul,"latency on Hibernia Express from LD4 in Slough, England to NY4 in Secaucus, New Jersey to be under 58.95ms"
T3-001,site,1,https://files.xtxmarkets.com/publications/kajaani/index.html,,"XTX Kajaani publication (Jan 2025): over EUR 1bn, first building = three data halls totalling 22.5MW IT; the ~250MW full-build figure is DCD-reported, NOT in the release; site = former Pohjan Sellu plot on Sokajarventie per Yle (near but distinct from Renforsin Ranta) — street-level geocode, precise plot pin pending (Phase 3); YIT/Granlund contractor pages corroborate",
T3-002,site,1,https://www.verne.co/iceland,,"Verne operator site (address, capacity); DCD expansion coverage; FT/press for XTX tenancy",
T3-002,site,2,https://www.datacenterdynamics.com/en/news/verne-global-to-expand-icelandic-data-center-campus-by-10mw/,Data Center Dynamics,40-acre campus near Keflavik on former NATO site; launched 2012; 24MW operational + 8MW under development plus 10MW expansion (Nov 2021),former NATO site
T3-002,site,3,https://www.datacenterdynamics.com/en/news/nscale-signs-15mw-lease-agreement-with-verne-for-data-center-capacity-in-iceland/,Data Center Dynamics,"current campus capacity, Ardian ownership since 2024, Nscale 15MW lease with 4,600 Nvidia Blackwell Ultra GPUs (Nov 2025)",more than 140MW of IT capacity
T3-002,site,4,https://hostkey.com/about-us/data-centers/verne-global/,HOSTKEY (colocation customer page),documented street address; '40 acre campus on a former NATO base',"Valhallarbraut 868, 262 Reykjanesbaer, Iceland"
T3-002,site,5,https://braggi.is/gagnaver-verne-global-a-asbru-nytt-120-mw-gagnaver-i-thremur-afongum/,"Braggi (Reykjanes local news, Icelandic)","new up-to-120MW Verne building at Asbru in three 40MW phases, 2026–2028; municipal approval 22 May 2026","þremur áföngum, þar sem hver áfangi nemur 40 MW"
T3-002,site,6,https://www.visir.is/g/20222219925d/erlendir-sjodir-keyptu-thrju-islensk-gagnaver-fyrir-meira-en-100-milljarda-undir-lok-arsins,Vísir / Innherji (Icelandic business press),"ownership history (Digital 9 bought Verne Global for £231m, 2021); Reykjanesbaer location","Digital 9 Infrastructure, sem er í stýringu breska fjárfestingafélagsins Triple Point, hefði keypt íslenska félagið Verne Global"
T3-002,site,7,https://thecurrency.news/articles/224451/the-billionaire-math-geek-who-turned-ai-into-a-money-printing-machine/,The Currency,NEGATIVE finding context: XTX operates an Iceland supercomputer but the article names no host facility or operator — does not link XTX to Verne,a supercomputer powered by geothermal energy in Iceland
T3-002,site,8,https://keldan.is/Fyrirtaeki/Yfirlit/5106190800,Keldan (Icelandic company data service),XTX Markets registered Iceland branch exists (kennitala 5106190800); says nothing about Verne or any data center,"XTX Markets Limited, útibú á Í"
T3-003,site,1,https://cloud.google.com/transform/citadel-securities-reimagine-quantitative-reseach-cloud-scale-speed,,"Google Cloud x Citadel Securities case study (Apr 2024, co-authored by CitSec Head of Research Platform): research platform on GCP since 2017, 1M+ concurrent cores; no site/region disclosed — symbolic pin at 830 Brickell Miami HQ (HQ moved from Chicago in 2022)",
T3-004,site,1,https://reports.adviserinfo.sec.gov/reports/ADV/106661/PDF/106661.pdf,,"SEC Form ADV (CRD 106661) lists 600 Route 25A East Setauket NY 11733 as a Renaissance office (principal office now 520 Madison Ave NYC); on-prem compute: rentec.com cites 50,000 cores and 'redundant computational facilities' without naming a location, plus East Setauket data-center job listings — compute placement stays inferred; Zuckerman profiles corroborate; geocoded to the OSM-mapped Renaissance Technologies POI",
T3-005,site,1,https://arxiv.org/pdf/2408.14158,,"Operator-authored SC24 paper (arXiv 2408.14158): 10,000 PCIe A100s, ~3MW (<4MW); Reuters: RMB 1bn, built 2021, pre-export-ban; physical location not public — symbolic pin at Hangzhou HQ",
T3-005,site,2,https://arxiv.org/abs/2408.14158,"arXiv / SC24 paper, operator-authored (DeepSeek-AI & High-Flyer Quant)","cluster scale (10,000 PCIe A100 GPUs) and deployment for deep-learning training","For DL training, we deployed the Fire-Flyer 2 with 10,000 PCIe A100 GPUs"
T3-005,site,3,https://finance.yahoo.com/news/high-flyer-ai-quant-fund-123915689.html,"Reuters (Eduardo Baptista), syndicated via Yahoo Finance, 2025-01-29","Fire-Flyer 2 cost (RMB 1bn) and 2021 completion; same article: first cluster 1,100 A100s / 200m yuan / 2020, DeepSeek link, 'Hangzhou Huanfang Technology Ltd Co.', clusters built before the September 2022 US export ban","its second cluster, made up of around 10,000 A100 chips, was completed a year later with a cost of 1 billion yuan"
T3-005,site,4,https://www.high-flyer.cn/,High-Flyer (幻方) official website,operator's documented Hangzhou HQ (Huijin International Building) — basis for the symbolic pin; site also documents the 萤火二号 platform,杭州市拱墅区环城北路 169 号 汇金国际大厦 A 座 14 层
T3-005,site,5,https://36kr.com/p/2272896094586500,36kr / 暗涌Waves,"Fire-Flyer 2 investment (RMB 1bn) and ~10,000 Nvidia A100 GPUs (Chinese-press corroboration); also Fire-Flyer 1 (近2亿元, 1100 GPUs) and early third-party IDC hosting (托管在IDC)",「萤火二号」的投入增加到10亿元，搭载了约1万张英伟达A100显卡。
T3-006,site,1,https://www.scmp.com/tech/big-tech/article/3349741/deepseek-ramps-hiring-ahead-v4-launch-questions-swirl-over-chip-strategy,,"SCMP + Chinese tech press: DeepSeek job ads (Apr 2026) for data-centre delivery/O&M roles in Ulanqab, Inner Mongolia — job-ad triangulation",
T3-006,site,2,https://m.sohu.com/a/1009701538_114760?scm=10001.325_13-325_13.0.0-0-0-0-0.5_1334,"IT之家 (via Sohu), 2026-04-15","job postings name Ulanqab as work location; role titles; site-selection rationale (power cost, 4.3°C, PUE <1.26)",首次出现了工作地为内蒙古乌兰察布的岗位
T3-007,site,1,https://app-web.chnfund.com/yhrw/gdft/202104/t20210425_3115051.html,,China Fund interview (GM Wang Chen): >RMB 100m invested 2020 in 'Bei Ming' AI supercomputing cluster; location undisclosed — symbolic pin at Beijing HQ,
T3-007,site,2,https://www.chnfund.com/article/AR2022072712412143361563,China Fund 中国基金报 (2022 interview),cluster's Chinese name 北溟超算集群 and build within a year of the 2019 AI push,成立了AI实验室，建立起北溟超算集群
T3-007,site,3,https://finance.yahoo.com/news/another-chinese-quant-fund-joins-093000847.html,"South China Morning Post (via Yahoo Finance), Jan 2026","cluster name 'Bei Ming', 2019–early-2020 build timeframe, Beijing-based, IQuest-Coder-V1 release (7B/14B/40B)","constructing its 'Bei Ming' supercomputing cluster, according to the China Securities Journal"
T3-007,site,4,https://www.scmp.com/tech/big-tech/article/3338794/another-chinese-quant-fund-joins-deepseek-ai-race-model-rivalling-gpt-51-claude,South China Morning Post,original SCMP article behind the Yahoo syndication; fetched portion confirms Beijing base and IQuest-Coder-V1 (Bei Ming sentence verified via the syndication),Beijing-based
T3-008,site,1,https://www.cls.cn/detail/1953863,,"CLS.cn (Feb 2025) firm statement: thousands of GPUs, ~400 PFlops claimed; location undisclosed — symbolic pin at Shanghai HQ",
T3-008,site,2,https://gs.amac.org.cn/amac-infodisc/res/pof/manager/101000006882.html,AMAC 中国基金业协会 (public fund-manager registry),Minghong's documented Shanghai office address — anchors the symbolic HQ-city pin (does not locate the cluster),上海市虹口区东大名路1089号来福士办公楼东塔39楼
T3-009,site,1,https://www.datacenterdynamics.com/en/news/quant-trading-firm-jane-street-plans-data-center-report/,,"Jane Street careers page: 4,032 liquid-cooled GPUs (with public video tour); Dallas location per DCD citing Bloomberg — city-level",
T3-009,site,2,https://www.janestreet.com/join-jane-street/machine-learning/,Jane Street (corporate),"Corporate confirmation of the Texas AI data center, its 4,032 liquid-cooled GPUs, and the linked video tour; also firm-wide 'Tens of Thousands' of GPUs and '1 exabytes+' storage","come tour our new Texas datacenter: 4,032 GPUs, liquid cooled"
T3-009,site,3,https://www.youtube.com/watch?v=8J-GUnfSqeE,Dwarkesh Patel (YouTube),"Public video tour of the Texas AI data center (May 2026); page bot-walled to fetcher — title verified via search listing, existence corroborated by Jane Street careers page and Marginal Revolution",Dwarkesh Goes Inside Jane Street's Latest AI Data Center
T3-009,site,4,https://marginalrevolution.com/marginalrevolution/2026/05/dwarkesh-in-the-datacenter.html,Marginal Revolution (Tyler Cowen),"Accessible corroboration that the May 2026 video tour of a Jane Street data center exists (post dated May 17, 2026)",Dwarkesh tours one of Jane Street's datacenters
T3-010,site,1,https://www.coreweave.com/news/jane-street-signs-6-billion-ai-cloud-agreement-with-coreweave,,CoreWeave press release (Apr 2026): $6bn AI-cloud agreement incl. NVIDIA Vera Rubin 'across multiple facilities' — symbolic pin at NYC HQ,
T3-010,site,2,https://www.coreweave.com/blog/coreweave-delivers-cloud-solutions-for-jane-street,CoreWeave (customer case study),"Ongoing Jane Street-CoreWeave relationship since 2024 for ML/research compute (quote from Craig Falls, Head of Quant Research); direct connections and dedicated storage",CoreWeave has been an excellent provider for our machine learning and research workloads
T3-010,site,3,https://www.datacenterdynamics.com/en/news/quantative-trading-firm-jane-street-signs-6bn-ai-cloud-deal-with-coreweave/,Data Center Dynamics (Apr 16 2026),"Independent trade-press corroboration of the $6bn deal, Vera Rubin hardware, and the $1bn equity investment",Quantitative trading firm Jane Street has signed on to secure $6 billion in AI cloud capacity from CoreWeave.
T3-010,site,4,https://www.janestreet.com/contact-us/,Jane Street (corporate),HQ address used as the symbolic pin anchor (not a compute location claim),"250 Vesey Street, New York, NY 10281, United States"
T3-011,site,1,https://www.linkedin.com/posts/hudson-river-trading_hpc-at-hrt-scaling-through-the-fjord-activity-7438251239609516032-ZIEs,,"HRT's own posts place AI research compute at Lefdal Mine Datacenter (Norway), >125kW/rack liquid-cooled; Dell press release corroborates the deployment",
T3-011,site,2,https://www.facebook.com/hudsonrivertrading/posts/to-reach-the-servers-at-lefdal-mine-data-centers-you-have-to-tunnel-into-a-norwe/1606192637895717/,Hudson River Trading (official Facebook),HRT's own confirmation of GPU cluster deployment at Lefdal Mine and fjord-seawater cooling (replaces blocked X post carrying same text),cold seawater from a nearby fjord cools dense GPU clusters designed for large-scale AI workloads
T3-011,site,3,https://www.dell.com/en-us/dt/corporate/newsroom/announcements/detailpage.press-releases~usa~2026~05~hudson-river-trading-expands-dell-deployment-to-power-ai-driven-research.htm,"Dell Technologies (press release, 2026-05-14; bot-walled, corroborated by Blocks and Files and HRT posts)","HRT operating an AI research data center at Lefdal Mine, Norway; Dell AI Factory hardware; status active",HRT recently opened a data center at Lefdal Mine Data Centers on Norway's west coast
T3-011,site,4,https://www.blocksandfiles.com/ai-ml/2026/05/26/storage-news-ticker-26-may/5246193,Blocks and Files (2026-05-26),accessible corroboration of the Dell announcement: hardware detail and Lefdal location,"Dell IRSS with direct liquid-cooled PowerEdge XE9685L servers (AMD EPYC), Nvidia HGX B200 accelerators, Dell/Nvidia Spectrum-X Ethernet"
T3-011,site,5,https://baxtel.com/data-center/lefdal-underground-mine,Baxtel (data center industry database),venue street address Nordfjordvegen 7300 and 80 MW venue capacity (via 132 kV grid connection); venue scale,"six levels divided into 75 chambers with a potential white space area of 120,000 m2"
T3-011,site,6,https://www.lefdalmine.com/data-center/our-facility,Lefdal Mine Datacenter (operator),venue location and facility description; operator states Level 3 capacity is 80 MW,"on the west coast of Norway next to a deep, cold fjord"
T3-012,site,1,https://www.googlecloudpresscorner.com/2024-07-18-Google-Cloud-Enables-Hudson-River-Tradings-Automated-Trading-Evolution-with-High-Performance-Compute-and-AI-Infrastructure,,Google Cloud press release (2024) + Lambda announcement (2026): HRT research compute on cloud GPU providers — symbolic pin at NYC HQ,
T3-012,site,2,https://lambda.ai/blog/lambda-partners-with-hudson-river-trading-to-power-quantitative-research-and-development,"Lambda (corporate blog, 2026-05-20)",Lambda supplying HRT AI research compute; headline cites on-prem infrastructure reaching its ceiling; no location disclosed,"NVIDIA accelerated computing infrastructure, including NVIDIA HGX B200 systems, advanced networking, storage, and orchestration"
T3-012,site,3,https://www.datacenterdynamics.com/en/news/hudson-river-trading-selects-lambda-for-ai-compute-infrastructure/,Data Center Dynamics (2026-05-22),independent trade-press coverage of the HRT-Lambda deal; no deployment location disclosed,"access to Nvidia HGX B200 systems, along with advanced networking, storage, and orchestration"
T3-012,site,4,https://www.hudsonrivertrading.com/hrtbeat/distributed-filesystem-for-scalable-research/,"Hudson River Trading engineering blog (HRTbeat, 2025-08-19)",scale of HRT's research storage environment (Blobby distributed filesystem); no facility locations disclosed,hundreds of petabytes of data
T3-013,site,1,https://www.pdl.cmu.edu/PDL-FTP/CloudComputing/cloudstudy_atc18.pdf,,"USENIX ATC'18 / CMU ATLAS traces (Two Sigma co-authored): two private datacenters, 31,512 cores as of 2016; plus Google Cloud per TS engineering blog — symbolic pin at NYC HQ",
T3-013,site,2,https://ftp.pdl.cmu.edu/pub/datasets/ATLAS/,CMU Parallel Data Lab (ATLAS trace repository),"per-datacenter breakdown: Datacenter A 872 nodes / 20,928 cores / 223,232GB RAM; Datacenter B 441 nodes / 10,584 cores / 112,896GB RAM","made publicly available through the ATLAS project from our generous collaborators at the Los Alamos National Lab, and Two Sigma"
T3-013,site,3,https://www.twosigma.com/articles/improving-compute-sustainability-a-case-study/,Two Sigma (engineering blog),continued on-prem/owned-facility compute as of 2024; article names the New York Stock Exchange and Chicago Mercantile Exchange and the eastern New Jersey and Chicago grid areas; 27 MWh -> 10 MWh monthly for one team's production hosts,Two Sigma maintains a sizable computing footprint in our own facilities.
T3-013,site,4,https://www.twosigma.com/articles/agile-cloud-security/,"Two Sigma (engineering blog, March 26 2019)",company-wide public cloud adoption (article documents GCP tooling; team previously built auditing in AWS),our governance processes encompass the entire company's public cloud usage
T3-013,site,5,https://www.youtube.com/watch?v=t9YoFaswvZo,"Google Cloud Tech (YouTube, Google Cloud Next '24 session)",Two Sigma research computing on Google Cloud (title verified on watch page; channel 'Google Cloud Tech' verified via YouTube oEmbed),Two Sigma: Push computing research boundaries with Google Cloud
T3-014,site,1,http://web.archive.org/web/20250314223052/https://www.gresearch.com/vacancy/R2823-Data-Centre-Engineer/,,G-Research's own (archived) job ads describe 'a global estate of data centres'; locations undisclosed — symbolic pin at the 1 Soho Place research lab,
T3-014,site,2,https://www.gresearch.com/news/soho-place-a-new-home-for-our-research-lab/,"G-Research (corporate news, 25 May 2023)","office/research lab is at 1 Soho Place, Central London; hosts researchers and engineers",Having our Researchers and Engineers co-located in this purpose-designed space
T3-014,site,3,https://www.scottbrownrigg.com/company/news/scott-brownriggs-interior-design-team-wins-the-fit-out-of-g-researchs-new-hq-in-soho-place/,Scott Brownrigg (fit-out architect),"precise street location of HQ; 102,600 sq ft, top six floors of the Derwent London development; contractor calls it G-Research's new HQ",1 Soho Place sits on the corner of Oxford Street and Charing Cross Road
T3-014,site,4,https://www.gresearch.com/news/armada-how-to-run-millions-of-batch-jobs-over-thousands-of-compute-nodes-using-kubernetes/,"G-Research (engineering blog, 10 Dec 2020)",existence and on-prem nature of the compute pool; stated aim of a fleet of thousands of servers scheduled via Armada/Kubernetes,"We have a large, fixed-pool of on-prem compute"
T3-015,site,1,https://resources.nvidia.com/en-us-financial-services-industry/jump-trading,,NVIDIA financial-services page + Jump's own posts: early Vera Rubin NVL72 deployment; cluster location undisclosed — symbolic pin at Chicago HQ,
T3-015,site,2,https://www.linkedin.com/posts/jump-trading_today-jump-trading-became-one-of-the-first-activity-7439690776311365632-YnM9,Jump Trading (LinkedIn),Jump deployed a frontier NVIDIA Vera Rubin NVL72 AI supercomputer (2026); no location disclosed,one of the first financial services firms to deploy NVIDIA's Vera Rubin NVL72 system
T3-015,site,3,https://www.vastdata.com/blog/how-jump-trading-rebuilt-data-infrastructure-around-shared,"VAST Data (customer case study, Lucas Wojcik, HPC Systems Engineer, Jump Trading)",scale of Jump's HPC/GPU research environment; no location stated,infrastructure has to support thousands of CPUs and GPUs without adding friction
T3-015,site,4,https://data.sec.gov/submissions/CIK0001127998.json,SEC EDGAR,"documented HQ address anchoring the symbolic pin (JUMP TRADING, LLC, CIK 1127998; API requires a User-Agent header)","600 WEST CHICAGO AVENUE, SUITE 600"
T3-016,site,1,https://boards-api.greenhouse.io/v1/boards/jumptrading/jobs/7781600,,"Jump's own job board (live Jul 2026): on-site HPC Data Center Technician in Carrollton, TX; high-density liquid-cooled cabinets — job-ad triangulation",
T3-016,site,2,https://boards-api.greenhouse.io/v1/boards/jumptrading/jobs,Jump Trading (Greenhouse job board API),"Jump runs its own HPC data-center org: planning/electrical/developer roles in Chicago and New York, technician on-site in Carrollton, TX",HPC Data Center Technician
T3-017,site,1,https://www.yitgroup.com/en/news-repository/press-release/yit-continues-collaboration-with-xtx-markets-in-kajaani,,YIT (contractor) press/investor releases + project page for XTX Kajaani data center 2; same Renforsin Ranta campus as T3-001; IT load not yet public,
T3-017,site,2,https://www.yitgroup.com/en/news-repository/investor-news/yit-and-xtx-markets-agree-on-interior-finishing-and-building-services-contract-for-the-second-data-center-building-in-kajaani,"YIT Corporation (investor news, 18 Mar 2026)","current phase: interior finishing, building services engineering and commissioning; completion expected 2027; contract value undisclosed",The parties have agreed not to disclose the value of the contract
T3-017,site,3,https://www.yit.fi/en/projects/xtx-markets-data-center-2-kajaani,YIT (project page),"under_construction status; Kajaani location; shell/core finishing 2026, entire facility completion early 2027; customer XTX Markets Finland Oy",We are building the structural framework and exterior shell of XTX Markets' new data center facility
T3-017,site,4,https://www.yitgroup.com/en/news-repository/press-release/yit-xtx-markets-and-partners-commit-to-donate-eur-125000-to-pediatric-and-youth-health-services-at-kainuu-central-hospital---announced-at-the-topping-out-ceremony-of-xtxs-2nd-data-center-building,"YIT Corporation (press release, 29 Jan 2026)",topping-out milestone of the 2nd building reached 29 Jan 2026 (structure complete),"We set ambitious targets for our data center project in terms of scale and speed, and we are proud to be meeting those objectives"
T3-017,site,5,https://www.datacenterdynamics.com/en/news/algorithmic-trader-xtx-markets-plans-second-finnish-data-center-but-says-electricity-tax-could-impact-future-phases/,Data Center Dynamics (12 Aug 2025),"campus location (Renforsin Ranta business park, Kajaani); building-1 scale figures (15,000 sqm / 22.5MW IT), five buildings planned, >EUR 1bn investment; XTX COO Mike Irwin electricity-tax statement",our longer-term investment roadmap remains under review due to the proposed changes in electricity taxation
